<?xml version="1.0" encoding="UTF-8"?>
<GenRun Id="impl_1" LaunchPart="xc7z020clg484-1" LaunchTime="1588769720">
  <File Type="OPT-HWDEF" Name="sec_checker.hwdef"/>
  <File Type="ROUTE-BUS-SKEW" Name="sec_checker_bus_skew_routed.rpt"/>
  <File Type="PA-DCP" Name="sec_checker.dcp"/>
  <File Type="BITSTR-BMM" Name="sec_checker_bd.bmm"/>
  <File Type="OPT-METHODOLOGY-DRC" Name="sec_checker_methodology_drc_opted.rpt"/>
  <File Type="INIT-TIMING" Name="sec_checker_timing_summary_init.rpt"/>
  <File Type="ROUTE-PWR" Name="sec_checker_power_routed.rpt"/>
  <File Type="PA-TCL" Name="sec_checker.tcl"/>
  <File Type="OPT-TIMING" Name="sec_checker_timing_summary_opted.rpt"/>
  <File Type="OPT-DCP" Name="sec_checker_opt.dcp"/>
  <File Type="ROUTE-PWR-SUM" Name="sec_checker_power_summary_routed.pb"/>
  <File Type="REPORTS-TCL" Name="sec_checker_reports.tcl"/>
  <File Type="OPT-DRC" Name="sec_checker_drc_opted.rpt"/>
  <File Type="PWROPT-DCP" Name="sec_checker_pwropt.dcp"/>
  <File Type="PWROPT-DRC" Name="sec_checker_drc_pwropted.rpt"/>
  <File Type="PWROPT-TIMING" Name="sec_checker_timing_summary_pwropted.rpt"/>
  <File Type="PLACE-DCP" Name="sec_checker_placed.dcp"/>
  <File Type="PLACE-IO" Name="sec_checker_io_placed.rpt"/>
  <File Type="PLACE-CLK" Name="sec_checker_clock_utilization_placed.rpt"/>
  <File Type="PLACE-UTIL" Name="sec_checker_utilization_placed.rpt"/>
  <File Type="PLACE-UTIL-PB" Name="sec_checker_utilization_placed.pb"/>
  <File Type="PLACE-CTRL" Name="sec_checker_control_sets_placed.rpt"/>
  <File Type="PLACE-SIMILARITY" Name="sec_checker_incremental_reuse_placed.rpt"/>
  <File Type="PLACE-PRE-SIMILARITY" Name="sec_checker_incremental_reuse_pre_placed.rpt"/>
  <File Type="PLACE-TIMING" Name="sec_checker_timing_summary_placed.rpt"/>
  <File Type="POSTPLACE-PWROPT-DCP" Name="sec_checker_postplace_pwropt.dcp"/>
  <File Type="BG-BIN" Name="sec_checker.bin"/>
  <File Type="POSTPLACE-PWROPT-TIMING" Name="sec_checker_timing_summary_postplace_pwropted.rpt"/>
  <File Type="PHYSOPT-DCP" Name="sec_checker_physopt.dcp"/>
  <File Type="PHYSOPT-DRC" Name="sec_checker_drc_physopted.rpt"/>
  <File Type="BITSTR-MSK" Name="sec_checker.msk"/>
  <File Type="PHYSOPT-TIMING" Name="sec_checker_timing_summary_physopted.rpt"/>
  <File Type="ROUTE-ERROR-DCP" Name="sec_checker_routed_error.dcp"/>
  <File Type="ROUTE-DCP" Name="sec_checker_routed.dcp"/>
  <File Type="ROUTE-BLACKBOX-DCP" Name="sec_checker_routed_bb.dcp"/>
  <File Type="ROUTE-DRC" Name="sec_checker_drc_routed.rpt"/>
  <File Type="ROUTE-DRC-PB" Name="sec_checker_drc_routed.pb"/>
  <File Type="BITSTR-LTX" Name="debug_nets.ltx"/>
  <File Type="BITSTR-LTX" Name="sec_checker.ltx"/>
  <File Type="ROUTE-DRC-RPX" Name="sec_checker_drc_routed.rpx"/>
  <File Type="BITSTR-MMI" Name="sec_checker.mmi"/>
  <File Type="ROUTE-METHODOLOGY-DRC" Name="sec_checker_methodology_drc_routed.rpt"/>
  <File Type="ROUTE-METHODOLOGY-DRC-RPX" Name="sec_checker_methodology_drc_routed.rpx"/>
  <File Type="BITSTR-SYSDEF" Name="sec_checker.sysdef"/>
  <File Type="ROUTE-METHODOLOGY-DRC-PB" Name="sec_checker_methodology_drc_routed.pb"/>
  <File Type="ROUTE-PWR-RPX" Name="sec_checker_power_routed.rpx"/>
  <File Type="ROUTE-STATUS" Name="sec_checker_route_status.rpt"/>
  <File Type="ROUTE-STATUS-PB" Name="sec_checker_route_status.pb"/>
  <File Type="ROUTE-TIMINGSUMMARY" Name="sec_checker_timing_summary_routed.rpt"/>
  <File Type="ROUTE-TIMING-PB" Name="sec_checker_timing_summary_routed.pb"/>
  <File Type="ROUTE-TIMING-RPX" Name="sec_checker_timing_summary_routed.rpx"/>
  <File Type="ROUTE-SIMILARITY" Name="sec_checker_incremental_reuse_routed.rpt"/>
  <File Type="ROUTE-CLK" Name="sec_checker_clock_utilization_routed.rpt"/>
  <File Type="ROUTE-BUS-SKEW-PB" Name="sec_checker_bus_skew_routed.pb"/>
  <File Type="ROUTE-BUS-SKEW-RPX" Name="sec_checker_bus_skew_routed.rpx"/>
  <File Type="POSTROUTE-PHYSOPT-DCP" Name="sec_checker_postroute_physopt.dcp"/>
  <File Type="POSTROUTE-PHYSOPT-BLACKBOX-DCP" Name="sec_checker_postroute_physopt_bb.dcp"/>
  <File Type="POSTROUTE-PHYSOPT-TIMING" Name="sec_checker_timing_summary_postroute_physopted.rpt"/>
  <File Type="POSTROUTE-PHYSOPT-TIMING-PB" Name="sec_checker_timing_summary_postroute_physopted.pb"/>
  <File Type="POSTROUTE-PHYSOPT-TIMING-RPX" Name="sec_checker_timing_summary_postroute_physopted.rpx"/>
  <File Type="POSTROUTE-PHYSOPT-BUS-SKEW" Name="sec_checker_bus_skew_postroute_physopted.rpt"/>
  <File Type="POSTROUTE-PHYSOPT-BUS-SKEW-PB" Name="sec_checker_bus_skew_postroute_physopted.pb"/>
  <File Type="BG-BIT" Name="sec_checker.bit"/>
  <File Type="POSTROUTE-PHYSOPT-BUS-SKEW-RPX" Name="sec_checker_bus_skew_postroute_physopted.rpx"/>
  <File Type="BITSTR-RBT" Name="sec_checker.rbt"/>
  <File Type="BITSTR-NKY" Name="sec_checker.nky"/>
  <File Type="BG-BGN" Name="sec_checker.bgn"/>
  <File Type="BG-DRC" Name="sec_checker.drc"/>
  <File Type="RDI-RDI" Name="sec_checker.vdi"/>
  <File Type="WBT-USG" Name="usage_statistics_webtalk.html"/>
  <FileSet Name="sources" Type="DesignSrcs" RelSrcDir="$PSRCDIR/sources_1">
    <Filter Type="Srcs"/>
    <File Path="$PSRCDIR/sources_1/new/sec_checker.v">
      <FileInfo>
        <Attr Name="UsedIn" Val="synthesis"/>
        <Attr Name="UsedIn" Val="implementation"/>
        <Attr Name="UsedIn" Val="simulation"/>
      </FileInfo>
    </File>
    <Config>
      <Option Name="DesignMode" Val="RTL"/>
      <Option Name="TopModule" Val="sec_checker"/>
      <Option Name="TopAutoSet" Val="TRUE"/>
    </Config>
  </FileSet>
  <FileSet Name="constrs_in" Type="Constrs" RelSrcDir="$PSRCDIR/constrs_1">
    <Filter Type="Constrs"/>
    <File Path="$PSRCDIR/constrs_1/new/sec_checker.xdc">
      <FileInfo>
        <Attr Name="UsedIn" Val="synthesis"/>
        <Attr Name="UsedIn" Val="implementation"/>
      </FileInfo>
    </File>
    <Config>
      <Option Name="ConstrsType" Val="XDC"/>
    </Config>
  </FileSet>
  <FileSet Name="utils" Type="Utils" RelSrcDir="$PSRCDIR/utils_1">
    <Filter Type="Utils"/>
    <Config>
      <Option Name="TopAutoSet" Val="TRUE"/>
    </Config>
  </FileSet>
  <Strategy Version="1" Minor="2">
    <StratHandle Name="Vivado Implementation Defaults" Flow="Vivado Implementation 2018">
      <Desc>Default settings for Implementation.</Desc>
    </StratHandle>
    <Step Id="init_design"/>
    <Step Id="opt_design"/>
    <Step Id="power_opt_design"/>
    <Step Id="place_design"/>
    <Step Id="post_place_power_opt_design"/>
    <Step Id="phys_opt_design"/>
    <Step Id="route_design"/>
    <Step Id="post_route_phys_opt_design"/>
    <Step Id="write_bitstream"/>
  </Strategy>
</GenRun>
