<?xml version="1.0" encoding="UTF-8"?>
<GenRun Id="synth_1" LaunchPart="xc7z020clg484-1" LaunchTime="1587983970">
  <File Type="PA-TCL" Name="my_pe_controller.tcl"/>
  <File Type="RDS-PROPCONSTRS" Name="my_pe_controller_drc_synth.rpt"/>
  <File Type="REPORTS-TCL" Name="my_pe_controller_reports.tcl"/>
  <File Type="RDS-RDS" Name="my_pe_controller.vds"/>
  <File Type="RDS-UTIL" Name="my_pe_controller_utilization_synth.rpt"/>
  <File Type="RDS-UTIL-PB" Name="my_pe_controller_utilization_synth.pb"/>
  <File Type="RDS-DCP" Name="my_pe_controller.dcp"/>
  <File Type="VDS-TIMINGSUMMARY" Name="my_pe_controller_timing_summary_synth.rpt"/>
  <File Type="VDS-TIMING-PB" Name="my_pe_controller_timing_summary_synth.pb"/>
  <FileSet Name="sources" Type="DesignSrcs" RelSrcDir="$PSRCDIR/sources_1">
    <Filter Type="Srcs"/>
    <File Path="$PSRCDIR/sources_1/ip/fused_mult/fused_mult.xci">
      <FileInfo>
        <Attr Name="UsedIn" Val="synthesis"/>
        <Attr Name="UsedIn" Val="implementation"/>
        <Attr Name="UsedIn" Val="simulation"/>
      </FileInfo>
    </File>
    <File Path="$PSRCDIR/sources_1/imports/new/my_pe.v">
      <FileInfo>
        <Attr Name="ImportPath" Val="$PPRDIR/../lab5/lab5.srcs/sources_1/new/my_pe.v"/>
        <Attr Name="ImportTime" Val="1586597900"/>
        <Attr Name="UsedIn" Val="synthesis"/>
        <Attr Name="UsedIn" Val="implementation"/>
        <Attr Name="UsedIn" Val="simulation"/>
      </FileInfo>
    </File>
    <File Path="$PSRCDIR/sources_1/new/my_pe_controller.v">
      <FileInfo>
        <Attr Name="UsedIn" Val="synthesis"/>
        <Attr Name="UsedIn" Val="implementation"/>
        <Attr Name="UsedIn" Val="simulation"/>
      </FileInfo>
    </File>
    <File Path="$PSRCDIR/sources_1/imports/new/my_bram.v">
      <FileInfo>
        <Attr Name="AutoDisabled" Val="1"/>
        <Attr Name="ImportPath" Val="$PPRDIR/../lab5/lab5.srcs/sources_1/new/my_bram.v"/>
        <Attr Name="ImportTime" Val="1586596631"/>
        <Attr Name="UsedIn" Val="synthesis"/>
        <Attr Name="UsedIn" Val="implementation"/>
        <Attr Name="UsedIn" Val="simulation"/>
      </FileInfo>
    </File>
    <Config>
      <Option Name="DesignMode" Val="RTL"/>
      <Option Name="TopModule" Val="my_pe_controller"/>
      <Option Name="TopAutoSet" Val="TRUE"/>
    </Config>
  </FileSet>
  <FileSet Name="constrs_in" Type="Constrs" RelSrcDir="$PSRCDIR/constrs_1">
    <Filter Type="Constrs"/>
    <Config>
      <Option Name="ConstrsType" Val="XDC"/>
    </Config>
  </FileSet>
  <FileSet Name="utils" Type="Utils" RelSrcDir="$PSRCDIR/utils_1">
    <Filter Type="Utils"/>
    <Config>
      <Option Name="TopAutoSet" Val="TRUE"/>
    </Config>
  </FileSet>
  <Strategy Version="1" Minor="2">
    <StratHandle Name="Vivado Synthesis Defaults" Flow="Vivado Synthesis 2018"/>
    <Step Id="synth_design"/>
  </Strategy>
</GenRun>
